TimeSinceFirstAccount,AccountBalance,CreditScore
2.9935,5.87,5.42866
4.5602,6.79,6.55991
3.88908,5.09,6.25563
3.16616,4.87,5.24968
2.0634,6.85,4.6375
5.5421,5.51,7.29737
4.38754,6.61,7.49426
7.03973,5.65,9.25557
5.30038,5.73,8.30332
6.05783,6.93,8.51811
