TimeSinceFirstAccount,AccountBalance,CreditScore
2.99351,-0.12,4.35652
4.56021,0.8,5.48777
3.88909,-0.9,5.18349
3.16617,-1.12,4.17754
2.06341,0.86,3.56536
5.54211,-0.48,6.22523
4.38755,0.62,6.42212
7.03974,-0.34,8.18343
5.30039,-0.26,7.23118
6.05784,0.94,7.44597
